2024-11-21 17:44:03.386382,tarun,8
2024-11-21 17:44:24.673334,sahil,4
2024-11-21 17:44:52.991738,tarun,16
2024-11-21 17:45:02.097327,sahil,2
2024-11-21 17:48:53.780227,tarun,12
2024-11-21 17:49:16.960431,sahil,4
2024-11-21 17:49:35.872222,sahil,8
2024-11-21 17:49:47.310005,tarun,4
2024-11-21 17:50:54.862857,sahil,24
2024-11-21 18:11:35.020949,tarun,14
2024-11-21 18:23:06.409113,tarun,16
2024-11-21 18:25:42.609425,sahil,4
2024-11-21 18:29:43.582111,sahil,7
2024-11-21 18:30:03.940390,aklsjdfykjaebf,8
2024-11-21 18:31:11.692142,sahil,56
2024-11-21 19:02:28.394128,sahil,2
2024-11-21 19:49:52.760996,tarun,10
2024-11-21 19:50:19.705865,tarun,14
2024-11-21 21:39:30.626002,tarun,7
2024-11-22 10:45:18.049910,Tarun,12
